ID,Name,Age,Email,Country,Salary
1,User1,53,user1@example.com,Germany,117193
2,User2,25,user2@example.com,Australia,84050
3,User3,51,user3@example.com,USA,73337
4,User4,50,user4@example.com,Australia,56416
5,User5,64,user5@example.com,UK,103460
6,User6,57,user6@example.com,Germany,71413
7,User7,63,user7@example.com,Canada,31128
8,User8,68,user8@example.com,UK,54282
9,User9,59,user9@example.com,UK,65634
10,User10,59,user10@example.com,Germany,89632
11,User11,39,user11@example.com,UK,43842
12,User12,52,user12@example.com,Australia,119506
13,User13,55,user13@example.com,Australia,35373
14,User14,44,user14@example.com,UK,82500
15,User15,39,user15@example.com,Germany,84469
16,User16,64,user16@example.com,USA,86306
17,User17,46,user17@example.com,UK,57513
18,User18,32,user18@example.com,UK,70368
19,User19,34,user19@example.com,UK,50375
20,User20,67,user20@example.com,Australia,75189
21,User21,63,user21@example.com,Australia,41696
22,User22,25,user22@example.com,UK,104293
23,User23,42,user23@example.com,Australia,59995
24,User24,66,user24@example.com,Germany,114026
25,User25,57,user25@example.com,USA,90868
26,User26,35,user26@example.com,Germany,92456
27,User27,20,user27@example.com,Australia,99041
28,User28,51,user28@example.com,Australia,80224
29,User29,32,user29@example.com,Germany,41197
30,User30,68,user30@example.com,Australia,92756
31,User31,26,user31@example.com,Canada,60429
32,User32,66,user32@example.com,UK,30282
33,User33,32,user33@example.com,Australia,81510
34,User34,38,user34@example.com,USA,55176
35,User35,25,user35@example.com,Australia,84568
36,User36,43,user36@example.com,UK,90306
37,User37,20,user37@example.com,Germany,36081
38,User38,49,user38@example.com,UK,114616
39,User39,32,user39@example.com,Canada,36946
40,User40,58,user40@example.com,Canada,51848
41,User41,69,user41@example.com,Australia,78467
42,User42,68,user42@example.com,Australia,54111
43,User43,27,user43@example.com,Canada,96837
44,User44,51,user44@example.com,Canada,100050
45,User45,23,user45@example.com,USA,59872
46,User46,23,user46@example.com,Germany,99250
47,User47,40,user47@example.com,Australia,48209
48,User48,26,user48@example.com,Germany,118110
49,User49,33,user49@example.com,Germany,30264
50,User50,49,user50@example.com,Australia,38980
51,User51,55,user51@example.com,USA,91666
52,User52,46,user52@example.com,USA,40456
53,User53,49,user53@example.com,Canada,113355
54,User54,55,user54@example.com,Australia,62445
55,User55,56,user55@example.com,Australia,103377
56,User56,60,user56@example.com,USA,83489
57,User57,42,user57@example.com,Australia,67489
58,User58,67,user58@example.com,Canada,57979
59,User59,63,user59@example.com,Australia,113763
60,User60,31,user60@example.com,USA,76647
61,User61,35,user61@example.com,Australia,97127
62,User62,61,user62@example.com,Canada,56806
63,User63,55,user63@example.com,Canada,80782
64,User64,53,user64@example.com,UK,43897
65,User65,33,user65@example.com,UK,118237
66,User66,36,user66@example.com,USA,81405
67,User67,34,user67@example.com,UK,68314
68,User68,51,user68@example.com,Australia,35962
69,User69,33,user69@example.com,Canada,44949
70,User70,26,user70@example.com,UK,100663
71,User71,65,user71@example.com,UK,92048
72,User72,62,user72@example.com,UK,105275
73,User73,64,user73@example.com,USA,60648
74,User74,55,user74@example.com,Canada,95204
75,User75,60,user75@example.com,USA,82876
76,User76,33,user76@example.com,Australia,88473
77,User77,50,user77@example.com,Canada,79838
78,User78,31,user78@example.com,UK,67003
79,User79,19,user79@example.com,USA,76723
80,User80,37,user80@example.com,UK,83917
81,User81,69,user81@example.com,USA,42092
82,User82,59,user82@example.com,USA,73824
83,User83,20,user83@example.com,Canada,51368
84,User84,31,user84@example.com,Australia,117061
85,User85,61,user85@example.com,Canada,52087
86,User86,38,user86@example.com,Germany,101776
87,User87,55,user87@example.com,USA,65153
88,User88,45,user88@example.com,Germany,96356
89,User89,28,user89@example.com,Canada,40350
90,User90,48,user90@example.com,Australia,89740
91,User91,62,user91@example.com,Canada,97084
92,User92,39,user92@example.com,Australia,68003
93,User93,29,user93@example.com,UK,116077
94,User94,27,user94@example.com,UK,104097
95,User95,63,user95@example.com,USA,38836
96,User96,47,user96@example.com,USA,30993
97,User97,68,user97@example.com,Australia,70961
98,User98,48,user98@example.com,USA,65620
99,User99,56,user99@example.com,USA,116184
100,User100,18,user100@example.com,USA,64747
101,User101,50,user101@example.com,UK,112910
102,User102,67,user102@example.com,Australia,86763
103,User103,58,user103@example.com,Canada,39838
104,User104,62,user104@example.com,UK,88437
105,User105,65,user105@example.com,Germany,94318
106,User106,46,user106@example.com,Germany,61228
107,User107,32,user107@example.com,UK,51597
108,User108,55,user108@example.com,Canada,90909
109,User109,40,user109@example.com,UK,105502
110,User110,35,user110@example.com,USA,65105
111,User111,19,user111@example.com,USA,61614
112,User112,56,user112@example.com,Germany,75409
113,User113,33,user113@example.com,Canada,106853
114,User114,49,user114@example.com,Germany,31067
115,User115,55,user115@example.com,Germany,62921
116,User116,32,user116@example.com,Canada,51384
117,User117,69,user117@example.com,USA,45346
118,User118,39,user118@example.com,Germany,52334
119,User119,27,user119@example.com,USA,73846
120,User120,50,user120@example.com,Germany,86981
121,User121,69,user121@example.com,Germany,57166
122,User122,23,user122@example.com,UK,119846
123,User123,21,user123@example.com,Germany,45213
124,User124,47,user124@example.com,Australia,98457
125,User125,49,user125@example.com,Canada,109879
126,User126,67,user126@example.com,Australia,31463
127,User127,41,user127@example.com,UK,117896
128,User128,37,user128@example.com,Canada,68247
129,User129,63,user129@example.com,Germany,97752
130,User130,31,user130@example.com,Canada,56674
131,User131,34,user131@example.com,UK,116464
132,User132,63,user132@example.com,Canada,96738
133,User133,47,user133@example.com,Canada,106029
134,User134,28,user134@example.com,Australia,64399
135,User135,42,user135@example.com,USA,68332
136,User136,58,user136@example.com,Australia,47158
137,User137,57,user137@example.com,UK,100175
138,User138,53,user138@example.com,UK,110737
139,User139,23,user139@example.com,Germany,47869
140,User140,49,user140@example.com,UK,101081
141,User141,47,user141@example.com,Canada,89785
142,User142,59,user142@example.com,Australia,76097
143,User143,35,user143@example.com,UK,31778
144,User144,53,user144@example.com,Australia,55562
145,User145,18,user145@example.com,Australia,113942
146,User146,27,user146@example.com,Germany,63834
147,User147,19,user147@example.com,UK,100997
148,User148,22,user148@example.com,Germany,31592
149,User149,34,user149@example.com,Canada,65218
150,User150,51,user150@example.com,Germany,42902
151,User151,29,user151@example.com,Australia,49583
152,User152,59,user152@example.com,Germany,71980
153,User153,39,user153@example.com,Canada,76703
154,User154,47,user154@example.com,Canada,97181
155,User155,55,user155@example.com,USA,98264
156,User156,30,user156@example.com,USA,55649
157,User157,33,user157@example.com,Canada,84314
158,User158,60,user158@example.com,USA,98934
159,User159,30,user159@example.com,UK,35924
160,User160,69,user160@example.com,UK,79764
161,User161,43,user161@example.com,Germany,59360
162,User162,43,user162@example.com,UK,63985
163,User163,31,user163@example.com,USA,49629
164,User164,19,user164@example.com,UK,108790
165,User165,24,user165@example.com,Canada,64268
166,User166,67,user166@example.com,Canada,35225
167,User167,44,user167@example.com,Australia,89471
168,User168,69,user168@example.com,USA,47392
169,User169,42,user169@example.com,USA,66709
170,User170,67,user170@example.com,Canada,82136
171,User171,24,user171@example.com,USA,88277
172,User172,35,user172@example.com,Canada,98872
173,User173,40,user173@example.com,USA,56218
174,User174,61,user174@example.com,Canada,81260
175,User175,66,user175@example.com,Australia,70996
176,User176,68,user176@example.com,Australia,80780
177,User177,65,user177@example.com,USA,51940
178,User178,57,user178@example.com,UK,50672
179,User179,36,user179@example.com,Canada,37586
180,User180,55,user180@example.com,UK,88694
181,User181,37,user181@example.com,USA,88676
182,User182,36,user182@example.com,USA,34966
183,User183,29,user183@example.com,USA,58751
184,User184,35,user184@example.com,USA,68428
185,User185,49,user185@example.com,Australia,69378
186,User186,19,user186@example.com,UK,112441
187,User187,22,user187@example.com,Germany,61314
188,User188,25,user188@example.com,USA,86156
189,User189,44,user189@example.com,Canada,80675
190,User190,57,user190@example.com,Australia,33846
191,User191,69,user191@example.com,Australia,37410
192,User192,27,user192@example.com,USA,74243
193,User193,23,user193@example.com,Germany,82224
194,User194,40,user194@example.com,Germany,53315
195,User195,27,user195@example.com,Canada,119070
196,User196,33,user196@example.com,Canada,54477
197,User197,62,user197@example.com,Germany,58884
198,User198,21,user198@example.com,Canada,81557
199,User199,69,user199@example.com,UK,82968
200,User200,56,user200@example.com,USA,32010
201,User201,22,user201@example.com,Australia,78509
202,User202,29,user202@example.com,Germany,52468
203,User203,44,user203@example.com,Canada,109877
204,User204,21,user204@example.com,USA,110452
205,User205,57,user205@example.com,Canada,85754
206,User206,47,user206@example.com,Canada,113702
207,User207,46,user207@example.com,USA,73296
208,User208,34,user208@example.com,UK,72839
209,User209,23,user209@example.com,USA,92648
210,User210,18,user210@example.com,UK,60802
211,User211,56,user211@example.com,USA,76476
212,User212,54,user212@example.com,Canada,102548
213,User213,24,user213@example.com,Germany,115010
214,User214,68,user214@example.com,USA,112512
215,User215,45,user215@example.com,Canada,77530
216,User216,33,user216@example.com,UK,54743
217,User217,46,user217@example.com,Australia,41160
218,User218,26,user218@example.com,UK,119345
219,User219,25,user219@example.com,Australia,112552
220,User220,24,user220@example.com,Canada,111636
221,User221,57,user221@example.com,Canada,65175
222,User222,27,user222@example.com,Australia,100394
223,User223,60,user223@example.com,Australia,30374
224,User224,21,user224@example.com,Germany,116212
225,User225,61,user225@example.com,Germany,57573
226,User226,30,user226@example.com,USA,111759
227,User227,31,user227@example.com,Germany,97829
228,User228,64,user228@example.com,Canada,99488
229,User229,29,user229@example.com,Australia,102224
230,User230,42,user230@example.com,Germany,75428
231,User231,20,user231@example.com,Germany,107482
232,User232,42,user232@example.com,Canada,108638
233,User233,23,user233@example.com,Germany,61455
234,User234,62,user234@example.com,Canada,87250
235,User235,33,user235@example.com,Canada,80471
236,User236,68,user236@example.com,Germany,73580
237,User237,47,user237@example.com,Germany,93631
238,User238,64,user238@example.com,USA,90565
239,User239,44,user239@example.com,Germany,51629
240,User240,56,user240@example.com,Australia,35936
241,User241,35,user241@example.com,Australia,99730
242,User242,25,user242@example.com,Australia,43855
243,User243,36,user243@example.com,Australia,32592
244,User244,50,user244@example.com,Canada,31936
245,User245,46,user245@example.com,Germany,46100
246,User246,47,user246@example.com,Australia,96159
247,User247,50,user247@example.com,USA,42369
248,User248,53,user248@example.com,USA,67004
249,User249,51,user249@example.com,USA,105697
250,User250,66,user250@example.com,USA,94233
251,User251,22,user251@example.com,Australia,44378
252,User252,34,user252@example.com,UK,92081
253,User253,58,user253@example.com,USA,110002
254,User254,28,user254@example.com,USA,40570
255,User255,66,user255@example.com,Germany,64675
256,User256,36,user256@example.com,USA,55019
257,User257,45,user257@example.com,Canada,49295
258,User258,27,user258@example.com,Australia,119490
259,User259,28,user259@example.com,Canada,40127
260,User260,49,user260@example.com,USA,87575
261,User261,43,user261@example.com,UK,81132
262,User262,26,user262@example.com,Australia,57787
263,User263,35,user263@example.com,Australia,30603
264,User264,39,user264@example.com,Germany,116353
265,User265,32,user265@example.com,Canada,84843
266,User266,56,user266@example.com,UK,44281
267,User267,56,user267@example.com,Australia,66663
268,User268,18,user268@example.com,UK,45209
269,User269,29,user269@example.com,Canada,87083
270,User270,30,user270@example.com,Australia,110758
271,User271,53,user271@example.com,UK,86680
272,User272,41,user272@example.com,Canada,95564
273,User273,22,user273@example.com,USA,33751
274,User274,42,user274@example.com,Germany,97836
275,User275,62,user275@example.com,Australia,54698
276,User276,19,user276@example.com,Canada,106432
277,User277,65,user277@example.com,Australia,119567
278,User278,23,user278@example.com,Canada,96637
279,User279,66,user279@example.com,Australia,42159
280,User280,55,user280@example.com,Canada,83584
281,User281,25,user281@example.com,USA,107739
282,User282,37,user282@example.com,Canada,30110
283,User283,66,user283@example.com,USA,63731
284,User284,51,user284@example.com,Canada,59514
285,User285,30,user285@example.com,Australia,84372
286,User286,18,user286@example.com,UK,69191
287,User287,24,user287@example.com,USA,61165
288,User288,51,user288@example.com,Germany,38500
289,User289,58,user289@example.com,UK,62286
290,User290,51,user290@example.com,USA,46800
291,User291,25,user291@example.com,Canada,98160
292,User292,28,user292@example.com,UK,74624
293,User293,68,user293@example.com,USA,116761
294,User294,49,user294@example.com,Canada,87498
295,User295,18,user295@example.com,UK,82955
296,User296,64,user296@example.com,Australia,48876
297,User297,31,user297@example.com,UK,119381
298,User298,57,user298@example.com,UK,75823
299,User299,40,user299@example.com,Australia,32619
300,User300,51,user300@example.com,Germany,69577
301,User301,42,user301@example.com,Germany,68946
302,User302,47,user302@example.com,Australia,111156
303,User303,50,user303@example.com,UK,30399
304,User304,61,user304@example.com,Germany,111346
305,User305,19,user305@example.com,UK,63050
306,User306,65,user306@example.com,Australia,89423
307,User307,50,user307@example.com,Canada,41694
308,User308,64,user308@example.com,Canada,71206
309,User309,49,user309@example.com,Canada,117346
310,User310,40,user310@example.com,UK,58877
311,User311,35,user311@example.com,Australia,35807
312,User312,39,user312@example.com,Canada,113406
313,User313,55,user313@example.com,USA,46185
314,User314,41,user314@example.com,UK,65391
315,User315,63,user315@example.com,UK,81635
316,User316,64,user316@example.com,Canada,101576
317,User317,68,user317@example.com,Australia,99298
318,User318,50,user318@example.com,Australia,55844
319,User319,25,user319@example.com,UK,61324
320,User320,64,user320@example.com,UK,44556
321,User321,56,user321@example.com,Canada,81393
322,User322,29,user322@example.com,Germany,79658
323,User323,67,user323@example.com,Australia,92850
324,User324,55,user324@example.com,UK,63313
325,User325,54,user325@example.com,Australia,94916
326,User326,52,user326@example.com,Australia,101133
327,User327,64,user327@example.com,UK,110835
328,User328,19,user328@example.com,Germany,64137
329,User329,41,user329@example.com,USA,95169
330,User330,64,user330@example.com,Australia,31122
331,User331,29,user331@example.com,Canada,46259
332,User332,36,user332@example.com,UK,74876
333,User333,58,user333@example.com,USA,73004
334,User334,32,user334@example.com,Australia,94330
335,User335,53,user335@example.com,Germany,118811
336,User336,18,user336@example.com,USA,44087
337,User337,46,user337@example.com,USA,76163
338,User338,20,user338@example.com,UK,38261
339,User339,51,user339@example.com,Germany,51652
340,User340,36,user340@example.com,Australia,33996
341,User341,38,user341@example.com,Australia,110787
342,User342,27,user342@example.com,Germany,82739
343,User343,36,user343@example.com,Canada,77102
344,User344,32,user344@example.com,Canada,34880
345,User345,42,user345@example.com,USA,79666
346,User346,37,user346@example.com,USA,64286
347,User347,47,user347@example.com,Australia,102792
348,User348,48,user348@example.com,USA,39392
349,User349,59,user349@example.com,Australia,58269
350,User350,66,user350@example.com,Canada,37630
351,User351,32,user351@example.com,Australia,114173
352,User352,40,user352@example.com,Canada,104588
353,User353,48,user353@example.com,UK,89255
354,User354,50,user354@example.com,UK,38181
355,User355,32,user355@example.com,Canada,104105
356,User356,50,user356@example.com,USA,54481
357,User357,30,user357@example.com,USA,110489
358,User358,62,user358@example.com,USA,79481
359,User359,67,user359@example.com,USA,32813
360,User360,35,user360@example.com,Germany,78116
361,User361,44,user361@example.com,USA,116416
362,User362,21,user362@example.com,UK,77839
363,User363,25,user363@example.com,USA,87505
364,User364,36,user364@example.com,UK,99927
365,User365,53,user365@example.com,UK,39496
366,User366,25,user366@example.com,UK,77592
367,User367,51,user367@example.com,Germany,43807
368,User368,18,user368@example.com,Australia,109014
369,User369,51,user369@example.com,USA,31807
370,User370,48,user370@example.com,Canada,54345
371,User371,38,user371@example.com,Australia,84095
372,User372,39,user372@example.com,Germany,58797
373,User373,21,user373@example.com,Germany,60060
374,User374,39,user374@example.com,Canada,35022
375,User375,37,user375@example.com,UK,62797
376,User376,20,user376@example.com,Canada,109068
377,User377,40,user377@example.com,Canada,57783
378,User378,46,user378@example.com,UK,114374
379,User379,39,user379@example.com,Canada,87663
380,User380,19,user380@example.com,Australia,76019
381,User381,62,user381@example.com,Germany,89981
382,User382,54,user382@example.com,Germany,76743
383,User383,28,user383@example.com,USA,53583
384,User384,30,user384@example.com,Australia,57053
385,User385,35,user385@example.com,UK,52881
386,User386,24,user386@example.com,UK,51577
387,User387,27,user387@example.com,Australia,78930
388,User388,45,user388@example.com,Australia,85266
389,User389,22,user389@example.com,Canada,94667
390,User390,19,user390@example.com,UK,98952
391,User391,42,user391@example.com,Canada,35976
392,User392,50,user392@example.com,Canada,53277
393,User393,67,user393@example.com,Germany,76268
394,User394,20,user394@example.com,Australia,66496
395,User395,30,user395@example.com,UK,62488
396,User396,28,user396@example.com,UK,47170
397,User397,55,user397@example.com,Canada,99430
398,User398,38,user398@example.com,UK,62833
399,User399,41,user399@example.com,USA,60508
400,User400,35,user400@example.com,UK,86631
401,User401,19,user401@example.com,USA,42879
402,User402,59,user402@example.com,Germany,105839
403,User403,67,user403@example.com,Canada,78951
404,User404,69,user404@example.com,Australia,36849
405,User405,47,user405@example.com,Australia,73775
406,User406,44,user406@example.com,Germany,35461
407,User407,57,user407@example.com,Germany,108652
408,User408,22,user408@example.com,USA,83278
409,User409,59,user409@example.com,UK,119790
410,User410,61,user410@example.com,USA,88639
411,User411,43,user411@example.com,Australia,109862
412,User412,48,user412@example.com,Canada,103902
413,User413,47,user413@example.com,UK,52212
414,User414,22,user414@example.com,UK,117566
415,User415,48,user415@example.com,Canada,93586
416,User416,56,user416@example.com,UK,82582
417,User417,42,user417@example.com,Canada,103598
418,User418,26,user418@example.com,USA,48723
419,User419,34,user419@example.com,USA,55389
420,User420,19,user420@example.com,Australia,41464
421,User421,41,user421@example.com,Canada,91052
422,User422,29,user422@example.com,USA,105723
423,User423,30,user423@example.com,Germany,56370
424,User424,46,user424@example.com,Australia,118897
425,User425,68,user425@example.com,Australia,119682
426,User426,67,user426@example.com,USA,111617
427,User427,33,user427@example.com,Canada,114600
428,User428,39,user428@example.com,Australia,42971
429,User429,21,user429@example.com,Australia,113670
430,User430,31,user430@example.com,USA,70985
431,User431,56,user431@example.com,Australia,65918
432,User432,32,user432@example.com,UK,91750
433,User433,57,user433@example.com,Australia,34141
434,User434,18,user434@example.com,Germany,101763
435,User435,45,user435@example.com,USA,72379
436,User436,62,user436@example.com,USA,87078
437,User437,50,user437@example.com,USA,80602
438,User438,59,user438@example.com,UK,95063
439,User439,44,user439@example.com,Canada,93526
440,User440,27,user440@example.com,USA,49355
441,User441,51,user441@example.com,Canada,81181
442,User442,24,user442@example.com,USA,92636
443,User443,35,user443@example.com,USA,105295
444,User444,19,user444@example.com,UK,57349
445,User445,24,user445@example.com,UK,81336
446,User446,36,user446@example.com,UK,85012
447,User447,22,user447@example.com,UK,110662
448,User448,58,user448@example.com,UK,49564
449,User449,52,user449@example.com,USA,74641
450,User450,69,user450@example.com,Germany,75911
451,User451,36,user451@example.com,UK,102217
452,User452,32,user452@example.com,UK,85591
453,User453,68,user453@example.com,Australia,118215
454,User454,50,user454@example.com,UK,71694
455,User455,66,user455@example.com,USA,67526
456,User456,53,user456@example.com,Australia,54737
457,User457,44,user457@example.com,Canada,75903
458,User458,63,user458@example.com,Canada,97580
459,User459,44,user459@example.com,Germany,54678
460,User460,26,user460@example.com,UK,40738
461,User461,36,user461@example.com,Australia,99444
462,User462,29,user462@example.com,Canada,73957
463,User463,48,user463@example.com,Australia,101217
464,User464,29,user464@example.com,Germany,86550
465,User465,19,user465@example.com,Canada,78069
466,User466,39,user466@example.com,USA,78052
467,User467,55,user467@example.com,UK,55156
468,User468,38,user468@example.com,Germany,87048
469,User469,20,user469@example.com,Australia,47999
470,User470,33,user470@example.com,Germany,47202
471,User471,46,user471@example.com,USA,106346
472,User472,47,user472@example.com,Germany,37356
473,User473,62,user473@example.com,USA,74917
474,User474,60,user474@example.com,Australia,62410
475,User475,18,user475@example.com,UK,63386
476,User476,34,user476@example.com,UK,72241
477,User477,42,user477@example.com,Australia,73173
478,User478,44,user478@example.com,UK,32137
479,User479,36,user479@example.com,Germany,52787
480,User480,53,user480@example.com,Canada,104197
481,User481,27,user481@example.com,UK,90933
482,User482,29,user482@example.com,Germany,61041
483,User483,42,user483@example.com,Germany,102656
484,User484,65,user484@example.com,Australia,85788
485,User485,53,user485@example.com,UK,110555
486,User486,64,user486@example.com,USA,48261
487,User487,32,user487@example.com,Canada,41650
488,User488,67,user488@example.com,Australia,48462
489,User489,60,user489@example.com,Canada,39715
490,User490,48,user490@example.com,Germany,59696
491,User491,61,user491@example.com,Germany,30072
492,User492,69,user492@example.com,USA,36240
493,User493,46,user493@example.com,Germany,48651
494,User494,57,user494@example.com,Canada,104345
495,User495,56,user495@example.com,UK,35311
496,User496,39,user496@example.com,USA,93388
497,User497,66,user497@example.com,Canada,71189
498,User498,66,user498@example.com,Australia,118063
499,User499,26,user499@example.com,Australia,62072
500,User500,41,user500@example.com,UK,119229
501,User501,57,user501@example.com,Australia,35789
502,User502,69,user502@example.com,Germany,88094
503,User503,63,user503@example.com,UK,87553
504,User504,32,user504@example.com,UK,113428
505,User505,39,user505@example.com,Australia,75729
506,User506,61,user506@example.com,Canada,35635
507,User507,64,user507@example.com,Australia,52555
508,User508,58,user508@example.com,Canada,118034
509,User509,57,user509@example.com,Australia,98741
510,User510,41,user510@example.com,Germany,96579
511,User511,64,user511@example.com,USA,30918
512,User512,54,user512@example.com,Germany,81475
513,User513,19,user513@example.com,Australia,100569
514,User514,60,user514@example.com,Australia,54804
515,User515,23,user515@example.com,UK,38704
516,User516,32,user516@example.com,Australia,91969
517,User517,34,user517@example.com,Germany,92198
518,User518,22,user518@example.com,Australia,34246
519,User519,53,user519@example.com,USA,70844
520,User520,26,user520@example.com,UK,75685
521,User521,48,user521@example.com,Australia,72720
522,User522,69,user522@example.com,Germany,96598
523,User523,60,user523@example.com,USA,56335
524,User524,62,user524@example.com,Australia,53114
525,User525,65,user525@example.com,Canada,67388
526,User526,53,user526@example.com,USA,101259
527,User527,67,user527@example.com,USA,93587
528,User528,63,user528@example.com,USA,34661
529,User529,56,user529@example.com,Australia,82166
530,User530,34,user530@example.com,USA,63175
531,User531,46,user531@example.com,USA,38654
532,User532,41,user532@example.com,Australia,56025
533,User533,65,user533@example.com,UK,90628
534,User534,34,user534@example.com,Canada,41780
535,User535,29,user535@example.com,Canada,113615
536,User536,53,user536@example.com,Australia,105041
537,User537,49,user537@example.com,Canada,71459
538,User538,19,user538@example.com,UK,33551
539,User539,26,user539@example.com,Australia,70520
540,User540,59,user540@example.com,Canada,61389
541,User541,29,user541@example.com,Australia,43737
542,User542,62,user542@example.com,USA,49298
543,User543,22,user543@example.com,UK,48488
544,User544,34,user544@example.com,Australia,48173
545,User545,25,user545@example.com,Australia,98862
546,User546,63,user546@example.com,Australia,46679
547,User547,31,user547@example.com,Australia,32681
548,User548,32,user548@example.com,USA,89301
549,User549,48,user549@example.com,Australia,33625
550,User550,65,user550@example.com,Canada,118700
551,User551,33,user551@example.com,Australia,66250
552,User552,57,user552@example.com,UK,106970
553,User553,36,user553@example.com,Australia,77307
554,User554,38,user554@example.com,Germany,107491
555,User555,59,user555@example.com,USA,46342
556,User556,62,user556@example.com,Canada,35989
557,User557,61,user557@example.com,UK,89675
558,User558,57,user558@example.com,Canada,60558
559,User559,67,user559@example.com,Germany,70935
560,User560,22,user560@example.com,Germany,40234
561,User561,51,user561@example.com,USA,115788
562,User562,57,user562@example.com,USA,43067
563,User563,68,user563@example.com,Australia,113090
564,User564,30,user564@example.com,USA,42706
565,User565,56,user565@example.com,Germany,62049
566,User566,38,user566@example.com,Australia,63620
567,User567,35,user567@example.com,Australia,39029
568,User568,41,user568@example.com,UK,86698
569,User569,20,user569@example.com,Canada,42684
570,User570,22,user570@example.com,Germany,104690
571,User571,53,user571@example.com,Germany,68343
572,User572,22,user572@example.com,UK,104192
573,User573,27,user573@example.com,USA,55641
574,User574,18,user574@example.com,Canada,47485
575,User575,49,user575@example.com,USA,97875
576,User576,64,user576@example.com,Canada,47653
577,User577,18,user577@example.com,Canada,66110
578,User578,30,user578@example.com,Australia,106740
579,User579,63,user579@example.com,Canada,103777
580,User580,18,user580@example.com,USA,108023
581,User581,52,user581@example.com,USA,41240
582,User582,69,user582@example.com,USA,42430
583,User583,36,user583@example.com,Australia,89361
584,User584,64,user584@example.com,UK,80322
585,User585,30,user585@example.com,USA,115168
586,User586,23,user586@example.com,USA,42551
587,User587,57,user587@example.com,Canada,56015
588,User588,61,user588@example.com,Germany,102576
589,User589,65,user589@example.com,Australia,75335
590,User590,28,user590@example.com,Germany,59818
591,User591,32,user591@example.com,Canada,72821
592,User592,30,user592@example.com,Germany,85273
593,User593,30,user593@example.com,USA,70217
594,User594,69,user594@example.com,Australia,111719
595,User595,28,user595@example.com,USA,75637
596,User596,51,user596@example.com,Australia,53991
597,User597,58,user597@example.com,Australia,67158
598,User598,25,user598@example.com,UK,75009
599,User599,68,user599@example.com,USA,67940
600,User600,34,user600@example.com,UK,51819
601,User601,18,user601@example.com,Canada,45744
602,User602,27,user602@example.com,Australia,52023
603,User603,20,user603@example.com,Australia,74536
604,User604,54,user604@example.com,Germany,73113
605,User605,64,user605@example.com,Canada,69257
606,User606,51,user606@example.com,UK,70093
607,User607,54,user607@example.com,Canada,118739
608,User608,59,user608@example.com,Germany,67873
609,User609,35,user609@example.com,UK,104994
610,User610,31,user610@example.com,Canada,105546
611,User611,18,user611@example.com,USA,107860
612,User612,68,user612@example.com,Australia,53415
613,User613,33,user613@example.com,Germany,38852
614,User614,47,user614@example.com,Australia,111410
615,User615,65,user615@example.com,USA,83351
616,User616,28,user616@example.com,USA,92145
617,User617,52,user617@example.com,Australia,89997
618,User618,33,user618@example.com,UK,97341
619,User619,69,user619@example.com,Canada,94911
620,User620,50,user620@example.com,Canada,57720
621,User621,53,user621@example.com,UK,48265
622,User622,63,user622@example.com,USA,117092
623,User623,21,user623@example.com,Canada,116065
624,User624,44,user624@example.com,USA,67518
625,User625,55,user625@example.com,UK,74539
626,User626,49,user626@example.com,USA,69809
627,User627,60,user627@example.com,Australia,72377
628,User628,63,user628@example.com,USA,67968
629,User629,58,user629@example.com,UK,86630
630,User630,62,user630@example.com,UK,53598
631,User631,54,user631@example.com,Australia,68861
632,User632,47,user632@example.com,Germany,45376
633,User633,31,user633@example.com,Germany,97178
634,User634,26,user634@example.com,Australia,77392
635,User635,44,user635@example.com,Canada,84966
636,User636,31,user636@example.com,Australia,42830
637,User637,24,user637@example.com,Canada,117941
638,User638,19,user638@example.com,Canada,108607
639,User639,26,user639@example.com,UK,99537
640,User640,28,user640@example.com,Australia,114465
641,User641,37,user641@example.com,Germany,43148
642,User642,34,user642@example.com,UK,83150
643,User643,25,user643@example.com,Canada,64461
644,User644,37,user644@example.com,Germany,62228
645,User645,24,user645@example.com,Germany,105696
646,User646,38,user646@example.com,USA,111610
647,User647,21,user647@example.com,USA,68061
648,User648,60,user648@example.com,Canada,79252
649,User649,30,user649@example.com,USA,34131
650,User650,56,user650@example.com,USA,36138
651,User651,43,user651@example.com,Canada,88980
652,User652,54,user652@example.com,Australia,45240
653,User653,56,user653@example.com,Australia,76395
654,User654,27,user654@example.com,USA,89769
655,User655,37,user655@example.com,Canada,50803
656,User656,42,user656@example.com,Germany,49682
657,User657,65,user657@example.com,UK,86307
658,User658,47,user658@example.com,Australia,97768
659,User659,20,user659@example.com,Canada,34216
660,User660,19,user660@example.com,Australia,44911
661,User661,41,user661@example.com,Canada,30882
662,User662,69,user662@example.com,Germany,68815
663,User663,65,user663@example.com,USA,69059
664,User664,44,user664@example.com,USA,71741
665,User665,57,user665@example.com,USA,104298
666,User666,67,user666@example.com,Canada,115354
667,User667,47,user667@example.com,USA,96461
668,User668,45,user668@example.com,Germany,37684
669,User669,24,user669@example.com,UK,66347
670,User670,24,user670@example.com,Canada,87439
671,User671,46,user671@example.com,USA,69515
672,User672,24,user672@example.com,Australia,34532
673,User673,22,user673@example.com,Canada,98115
674,User674,27,user674@example.com,UK,31122
675,User675,28,user675@example.com,UK,107234
676,User676,40,user676@example.com,Australia,37539
677,User677,40,user677@example.com,Canada,49892
678,User678,68,user678@example.com,Germany,59182
679,User679,43,user679@example.com,Canada,42612
680,User680,43,user680@example.com,UK,43089
681,User681,22,user681@example.com,Australia,117241
682,User682,23,user682@example.com,USA,103646
683,User683,58,user683@example.com,USA,96101
684,User684,50,user684@example.com,USA,117387
685,User685,65,user685@example.com,Germany,47620
686,User686,47,user686@example.com,USA,65425
687,User687,48,user687@example.com,Canada,80641
688,User688,67,user688@example.com,Canada,49767
689,User689,38,user689@example.com,Germany,30926
690,User690,57,user690@example.com,USA,62331
691,User691,38,user691@example.com,UK,49066
692,User692,41,user692@example.com,UK,35685
693,User693,51,user693@example.com,Germany,61055
694,User694,23,user694@example.com,USA,33316
695,User695,66,user695@example.com,USA,94376
696,User696,29,user696@example.com,Germany,68366
697,User697,48,user697@example.com,USA,33874
698,User698,44,user698@example.com,Germany,48315
699,User699,62,user699@example.com,Australia,73251
700,User700,68,user700@example.com,Canada,112147
701,User701,56,user701@example.com,Australia,69889
702,User702,37,user702@example.com,UK,63346
703,User703,27,user703@example.com,Germany,102749
704,User704,60,user704@example.com,USA,73418
705,User705,53,user705@example.com,Canada,95996
706,User706,46,user706@example.com,Germany,74450
707,User707,63,user707@example.com,Germany,31122
708,User708,68,user708@example.com,UK,85570
709,User709,45,user709@example.com,USA,31242
710,User710,66,user710@example.com,Australia,116716
711,User711,36,user711@example.com,Australia,76445
712,User712,30,user712@example.com,UK,45244
713,User713,25,user713@example.com,Canada,86691
714,User714,35,user714@example.com,USA,118770
715,User715,68,user715@example.com,UK,113874
716,User716,19,user716@example.com,USA,68738
717,User717,32,user717@example.com,UK,68645
718,User718,57,user718@example.com,Germany,56380
719,User719,43,user719@example.com,Canada,91725
720,User720,68,user720@example.com,USA,91634
721,User721,46,user721@example.com,UK,65083
722,User722,47,user722@example.com,USA,30376
723,User723,58,user723@example.com,UK,62104
724,User724,45,user724@example.com,Australia,31470
725,User725,34,user725@example.com,USA,69686
726,User726,28,user726@example.com,Australia,72192
727,User727,27,user727@example.com,Germany,115069
728,User728,59,user728@example.com,Canada,37801
729,User729,63,user729@example.com,Canada,106450
730,User730,50,user730@example.com,UK,119339
731,User731,40,user731@example.com,Canada,64854
732,User732,64,user732@example.com,USA,91251
733,User733,40,user733@example.com,Germany,114855
734,User734,21,user734@example.com,UK,88365
735,User735,54,user735@example.com,Germany,76046
736,User736,63,user736@example.com,UK,53084
737,User737,26,user737@example.com,Germany,93819
738,User738,54,user738@example.com,Australia,42736
739,User739,56,user739@example.com,Canada,63846
740,User740,33,user740@example.com,Australia,52046
741,User741,42,user741@example.com,Canada,71706
742,User742,20,user742@example.com,UK,44071
743,User743,52,user743@example.com,Canada,118104
744,User744,37,user744@example.com,Canada,103744
745,User745,27,user745@example.com,Germany,103802
746,User746,37,user746@example.com,Australia,37550
747,User747,59,user747@example.com,Canada,43222
748,User748,44,user748@example.com,Canada,62717
749,User749,46,user749@example.com,UK,37946
750,User750,51,user750@example.com,USA,70774
751,User751,30,user751@example.com,Germany,89073
752,User752,61,user752@example.com,Australia,89633
753,User753,46,user753@example.com,Canada,114349
754,User754,64,user754@example.com,Germany,84974
755,User755,61,user755@example.com,UK,65354
756,User756,61,user756@example.com,USA,35350
757,User757,53,user757@example.com,Germany,87334
758,User758,34,user758@example.com,Germany,94535
759,User759,37,user759@example.com,Germany,45769
760,User760,43,user760@example.com,Germany,91219
761,User761,65,user761@example.com,Germany,42707
762,User762,31,user762@example.com,Australia,72844
763,User763,45,user763@example.com,Germany,63231
764,User764,44,user764@example.com,Australia,86387
765,User765,42,user765@example.com,Australia,104860
766,User766,50,user766@example.com,UK,119349
767,User767,53,user767@example.com,Australia,117171
768,User768,19,user768@example.com,Germany,80366
769,User769,65,user769@example.com,Canada,71911
770,User770,52,user770@example.com,Canada,90325
771,User771,29,user771@example.com,Canada,109452
772,User772,30,user772@example.com,Australia,33370
773,User773,58,user773@example.com,Australia,60628
774,User774,54,user774@example.com,Germany,37913
775,User775,28,user775@example.com,Germany,82030
776,User776,18,user776@example.com,Australia,78370
777,User777,40,user777@example.com,Canada,81943
778,User778,61,user778@example.com,Canada,47344
779,User779,49,user779@example.com,UK,61980
780,User780,29,user780@example.com,UK,103287
781,User781,44,user781@example.com,USA,87586
782,User782,50,user782@example.com,Australia,90987
783,User783,67,user783@example.com,Australia,61583
784,User784,46,user784@example.com,Australia,91809
785,User785,28,user785@example.com,Germany,84830
786,User786,29,user786@example.com,USA,115242
787,User787,52,user787@example.com,Germany,65934
788,User788,28,user788@example.com,UK,114190
789,User789,28,user789@example.com,USA,62949
790,User790,20,user790@example.com,USA,113667
791,User791,58,user791@example.com,Australia,70749
792,User792,32,user792@example.com,UK,86524
793,User793,65,user793@example.com,Germany,77597
794,User794,27,user794@example.com,Germany,49910
795,User795,59,user795@example.com,UK,81979
796,User796,66,user796@example.com,Canada,78360
797,User797,39,user797@example.com,Australia,107604
798,User798,33,user798@example.com,Germany,112887
799,User799,42,user799@example.com,USA,57577
800,User800,32,user800@example.com,USA,71251
801,User801,61,user801@example.com,Germany,52578
802,User802,27,user802@example.com,Germany,54789
803,User803,66,user803@example.com,Germany,98702
804,User804,61,user804@example.com,Canada,114387
805,User805,58,user805@example.com,UK,93759
806,User806,37,user806@example.com,Germany,106582
807,User807,18,user807@example.com,Australia,80420
808,User808,23,user808@example.com,Germany,84807
809,User809,68,user809@example.com,UK,42881
810,User810,26,user810@example.com,Germany,85471
811,User811,23,user811@example.com,Australia,105010
812,User812,61,user812@example.com,USA,95238
813,User813,62,user813@example.com,UK,40726
814,User814,32,user814@example.com,Australia,40268
815,User815,26,user815@example.com,UK,113390
816,User816,65,user816@example.com,Australia,37238
817,User817,46,user817@example.com,Australia,94690
818,User818,42,user818@example.com,Germany,74849
819,User819,32,user819@example.com,UK,62989
820,User820,18,user820@example.com,Canada,54437
821,User821,24,user821@example.com,Canada,100554
822,User822,44,user822@example.com,Canada,91264
823,User823,30,user823@example.com,Germany,42639
824,User824,23,user824@example.com,Australia,31290
825,User825,28,user825@example.com,Australia,87566
826,User826,23,user826@example.com,Germany,91198
827,User827,38,user827@example.com,USA,104012
828,User828,53,user828@example.com,Germany,109155
829,User829,22,user829@example.com,UK,46149
830,User830,53,user830@example.com,Australia,86831
831,User831,59,user831@example.com,Australia,101365
832,User832,40,user832@example.com,Germany,92970
833,User833,55,user833@example.com,Canada,30272
834,User834,48,user834@example.com,UK,62499
835,User835,43,user835@example.com,Canada,94971
836,User836,57,user836@example.com,Germany,79797
837,User837,38,user837@example.com,UK,82067
838,User838,21,user838@example.com,Germany,43824
839,User839,57,user839@example.com,USA,110478
840,User840,69,user840@example.com,Canada,79817
841,User841,41,user841@example.com,Canada,31411
842,User842,25,user842@example.com,Germany,65947
843,User843,32,user843@example.com,UK,116400
844,User844,60,user844@example.com,UK,92794
845,User845,28,user845@example.com,USA,114104
846,User846,26,user846@example.com,Germany,104540
847,User847,44,user847@example.com,UK,99098
848,User848,25,user848@example.com,Germany,61254
849,User849,31,user849@example.com,Germany,106940
850,User850,45,user850@example.com,USA,90601
851,User851,37,user851@example.com,Australia,35393
852,User852,45,user852@example.com,USA,118477
853,User853,34,user853@example.com,UK,62072
854,User854,55,user854@example.com,UK,85319
855,User855,65,user855@example.com,Germany,95039
856,User856,37,user856@example.com,USA,34628
857,User857,39,user857@example.com,Australia,48837
858,User858,34,user858@example.com,Australia,104539
859,User859,32,user859@example.com,USA,62401
860,User860,19,user860@example.com,USA,38010
861,User861,27,user861@example.com,USA,110086
862,User862,37,user862@example.com,UK,83484
863,User863,45,user863@example.com,Germany,37015
864,User864,55,user864@example.com,UK,72517
865,User865,27,user865@example.com,Australia,38804
866,User866,31,user866@example.com,Germany,42895
867,User867,39,user867@example.com,Canada,83030
868,User868,64,user868@example.com,USA,118136
869,User869,29,user869@example.com,UK,111425
870,User870,50,user870@example.com,Canada,80736
871,User871,18,user871@example.com,Australia,83490
872,User872,60,user872@example.com,USA,81111
873,User873,22,user873@example.com,Australia,77445
874,User874,57,user874@example.com,Australia,84546
875,User875,68,user875@example.com,Germany,72498
876,User876,27,user876@example.com,UK,64409
877,User877,36,user877@example.com,UK,59222
878,User878,53,user878@example.com,Germany,101257
879,User879,18,user879@example.com,Germany,117252
880,User880,20,user880@example.com,USA,88138
881,User881,62,user881@example.com,Germany,85623
882,User882,42,user882@example.com,UK,107225
883,User883,60,user883@example.com,USA,84707
884,User884,45,user884@example.com,UK,92469
885,User885,35,user885@example.com,Germany,50308
886,User886,42,user886@example.com,Canada,111962
887,User887,26,user887@example.com,Germany,50400
888,User888,23,user888@example.com,Australia,47814
889,User889,64,user889@example.com,Canada,55348
890,User890,53,user890@example.com,UK,49702
891,User891,21,user891@example.com,Australia,67510
892,User892,44,user892@example.com,Australia,77652
893,User893,55,user893@example.com,UK,117304
894,User894,67,user894@example.com,USA,115801
895,User895,31,user895@example.com,Australia,56065
896,User896,52,user896@example.com,Canada,94183
897,User897,19,user897@example.com,Australia,54435
898,User898,67,user898@example.com,UK,52064
899,User899,25,user899@example.com,UK,48532
900,User900,46,user900@example.com,Germany,106269
901,User901,30,user901@example.com,Australia,32098
902,User902,68,user902@example.com,Australia,46069
903,User903,46,user903@example.com,Canada,79940
904,User904,24,user904@example.com,USA,103426
905,User905,64,user905@example.com,Canada,37152
906,User906,27,user906@example.com,Germany,35417
907,User907,68,user907@example.com,UK,85787
908,User908,34,user908@example.com,Australia,71240
909,User909,35,user909@example.com,Germany,96871
910,User910,51,user910@example.com,UK,112864
911,User911,47,user911@example.com,UK,116478
912,User912,37,user912@example.com,Germany,39878
913,User913,64,user913@example.com,Germany,111629
914,User914,52,user914@example.com,Germany,103128
915,User915,29,user915@example.com,Canada,112171
916,User916,55,user916@example.com,Germany,48577
917,User917,35,user917@example.com,UK,45630
918,User918,53,user918@example.com,UK,52722
919,User919,62,user919@example.com,UK,35427
920,User920,37,user920@example.com,Australia,98517
921,User921,36,user921@example.com,USA,78746
922,User922,30,user922@example.com,USA,84363
923,User923,28,user923@example.com,Canada,37295
924,User924,20,user924@example.com,USA,66216
925,User925,19,user925@example.com,Australia,32353
926,User926,33,user926@example.com,Germany,78688
927,User927,60,user927@example.com,Canada,74126
928,User928,26,user928@example.com,Australia,43596
929,User929,35,user929@example.com,USA,50152
930,User930,47,user930@example.com,UK,117135
931,User931,57,user931@example.com,Germany,53608
932,User932,27,user932@example.com,UK,48774
933,User933,25,user933@example.com,UK,40420
934,User934,33,user934@example.com,Germany,108307
935,User935,30,user935@example.com,Canada,99315
936,User936,24,user936@example.com,USA,91839
937,User937,52,user937@example.com,Australia,58694
938,User938,20,user938@example.com,Germany,35065
939,User939,39,user939@example.com,Australia,92319
940,User940,64,user940@example.com,Australia,55434
941,User941,46,user941@example.com,Germany,80936
942,User942,26,user942@example.com,Germany,81818
943,User943,51,user943@example.com,Germany,45562
944,User944,27,user944@example.com,Canada,96974
945,User945,37,user945@example.com,Australia,92526
946,User946,68,user946@example.com,Australia,119459
947,User947,41,user947@example.com,Canada,34178
948,User948,65,user948@example.com,Germany,79457
949,User949,50,user949@example.com,Australia,42405
950,User950,68,user950@example.com,USA,102180
951,User951,54,user951@example.com,UK,38498
952,User952,60,user952@example.com,UK,116449
953,User953,34,user953@example.com,Australia,52586
954,User954,26,user954@example.com,Canada,48090
955,User955,60,user955@example.com,USA,51341
956,User956,20,user956@example.com,Australia,104817
957,User957,43,user957@example.com,Germany,33626
958,User958,40,user958@example.com,Germany,89104
959,User959,67,user959@example.com,Australia,67463
960,User960,22,user960@example.com,USA,36841
961,User961,36,user961@example.com,USA,74670
962,User962,30,user962@example.com,Australia,118774
963,User963,41,user963@example.com,Canada,87153
964,User964,40,user964@example.com,Germany,48448
965,User965,68,user965@example.com,Australia,70169
966,User966,20,user966@example.com,Germany,78998
967,User967,24,user967@example.com,UK,95004
968,User968,56,user968@example.com,Australia,90310
969,User969,50,user969@example.com,Canada,84486
970,User970,39,user970@example.com,UK,103360
971,User971,65,user971@example.com,Germany,103593
972,User972,20,user972@example.com,Australia,82959
973,User973,23,user973@example.com,UK,84742
974,User974,55,user974@example.com,Germany,56717
975,User975,44,user975@example.com,Australia,69460
976,User976,35,user976@example.com,UK,58715
977,User977,61,user977@example.com,USA,98730
978,User978,47,user978@example.com,UK,58695
979,User979,46,user979@example.com,Canada,95079
980,User980,27,user980@example.com,Germany,84690
981,User981,20,user981@example.com,Australia,76846
982,User982,44,user982@example.com,Australia,63313
983,User983,52,user983@example.com,Germany,110731
984,User984,43,user984@example.com,UK,78729
985,User985,27,user985@example.com,Germany,35282
986,User986,18,user986@example.com,UK,63767
987,User987,59,user987@example.com,UK,87334
988,User988,26,user988@example.com,USA,92961
989,User989,64,user989@example.com,UK,40307
990,User990,31,user990@example.com,Canada,53252
991,User991,40,user991@example.com,Australia,112743
992,User992,24,user992@example.com,UK,119680
993,User993,52,user993@example.com,UK,32827
994,User994,49,user994@example.com,USA,78450
995,User995,57,user995@example.com,Canada,64248
996,User996,58,user996@example.com,Australia,111219
997,User997,68,user997@example.com,USA,33704
998,User998,42,user998@example.com,USA,106557
999,User999,51,user999@example.com,UK,54956
1000,User1000,69,user1000@example.com,Germany,39405
